{"cameraMode":{"drawMode":0,"name":"Shaded","section":"Shading Mode"},"sceneLighting":true,"audioPlay":false,"sceneViewState":{"m_AlwaysRefresh":false,"showFog":true,"showSkybox":true,"showFlares":true,"showImageEffects":true,"showParticleSystems":true,"showVisualEffectGraphs":true,"m_FxEnabled":true},"in2DMode":false,"pivot":{"x":370.54559326171877,"y":15.370379447937012,"z":-257.6188659667969},"rotation":{"x":-0.22596105933189393,"y":-0.12323648482561112,"z":0.028829170390963556,"w":-0.9658836722373962},"size":0.03347417712211609,"orthographic":false}