{"cameraMode":{"drawMode":0,"name":"Shaded","section":"Shading Mode"},"sceneLighting":true,"audioPlay":false,"sceneViewState":{"m_AlwaysRefresh":false,"showFog":true,"showSkybox":true,"showFlares":true,"showImageEffects":true,"showParticleSystems":true,"showVisualEffectGraphs":true,"m_FxEnabled":true},"in2DMode":false,"pivot":{"x":96.42977905273438,"y":33.581947326660159,"z":33.04290771484375},"rotation":{"x":-0.48278284072875979,"y":0.07391582429409027,"z":-0.04093968868255615,"w":-0.8716537952423096},"size":25.202409744262697,"orthographic":false}